part,label,domain,status,regime,initial_mean_psi,final_mean_psi,final_mean_phi,final_mean_C,errors
Part F,astrophysics,astrophysics,ok,stable,1.0423728813559323,1.0392904931118707,0.205,0.1958815712376516,
Part F,nuclear dynamics,nuclear_physics,ok,overload,2.066666666666667,2.0750514803261253,0.6200000000000001,0.2988023968031974,
Part F,plasma dynamics,plasma_physics,ok,stable,0.9714285714285714,0.9688372735041967,0.33999999999999997,0.34860279627039703,
